HarbName,HarbourCode,HarbourType,HarbourCondition,TotalReplacementCost,HarbLat,HarbLong
ABRAHAMS COVE,1,Core,2.5,15052.51,48.5196,-58.9151
ADMIRALS BEACH,3,Core,3.146346362,1614883.31,47.0061,-53.6438
ANCHOR POINT,6,Core,3.557743518,3099009.53,51.2333,-56.8
AQUAFORTE,9,Core,2.827742635,920898.86,47.0067,-52.9569
ARNOLD'S COVE,11,Core,3.642637865,7822288.81,47.7584,-53.9902
ASPEN COVE,12,Core,2,506597.78,49.4625,-54.1073
BAINE HARBOUR,14,Core,3.381945158,1537192.3,47.36048,-54.8962
BAKERS BROOK,15,Non-Core,3.5,20000,49.65165,-57.9606
BANK HEAD COVE,16,Non-Core,3,5209.89,48.3709,-58.6786
BARR'D HARBOUR,19,Core,4.144872739,674657.5,50.8168,-57.0636
BARR'D ISLANDS,20,Non-Core,0.418089141,297088.51,49.72465,-54.1873
BARTLETTS HARBOUR,21,Core,1.228253749,1288476.8,50.94221,-56.99149
BAULINE,24,Core,4.135671458,4985325.99,47.72317,-52.8341
BAULINE EAST,25,Core,2.813508163,369910.69,47.1801,-52.8439
BAY BULLS,26,Core,4.757332289,4475309.87,47.3152,-52.8122
BAY DE VERDE,28,Core,2.873707106,18238258.77,48.0842,-52.8979
BAY L'ARGENT,30,Non-Core,3.19215379,378233.04,47.5483,-54.8792
BAY ROBERTS,31,Core,3.295458425,1115738.4,47.5899,-53.2667
BEAUMONT,34,Core,3.55802352,1580863.33,49.61462,-55.6788
BIG BROOK,40,Core,2.636234937,762931.76,51.5215,-56.1475
BIRCHY BAY,41,#N/A,#N/A,,49.3632,-54.7288
BIRD COVE,43,Core,4.544310026,1137340.26,51.0526,-56.9346
BLACK DUCK BROOK,45,Core,2.10913207,318579.91,48.70151,-58.9033
BLACK DUCK COVE,46,Core,4.148070854,3877724.1,51.1973,-56.7991
BLUE BEACH,51,Core,2.159415389,2815194.05,48.7665,-58.787
BLUE COVE,52,Core,4.850846329,838849.97,51.0961,-56.8724
BONAVISTA,54,Core,2.410757449,11547583.57,48.65,-53.1167
BOXEY,55,Core,3.383470813,1584184,47.4514,-55.558
BRAGG'S ISLAND,57,Non-Core,0,129723.74,48.9332,-53.6719
BRANCH,58,Core,3.458189209,4575778.29,46.88231,-53.9513
BRIDGEPORT,59,Core,3.835458925,1962761.4,49.5503,-54.8732
BRIG BAY,60,Core,1.636518822,474778.3,51.0642,-56.9095
BRIGHTON,61,Non-Core,2.340913613,141876.91,49.54784,-55.6431
BRIGUS,62,Core,3.369770826,945001.08,47.53869,-53.2068
BRIGUS SOUTH,63,Core,3.320271825,2096193.81,47.1131,-52.8835
BROWN'S COVE (HEATHERTON),69,Core,3,17511.89,48.27719,-58.7727
BURGEO,73,Core,2.70533435,2741600.88,47.6131,-57.6077
BURIN,75,Core,4.015837736,3472540.37,47.04059,-55.1633
BURNT COVE,78,#N/A,#N/A,0,47.19657,-52.8487
BURNT ISLANDS,80,Core,2.524109224,2324666.74,47.59621,-58.888
CALVERT,85,Core,3.224196116,2193210.68,47.0576,-52.9103
CAMPBELLS CREEK,86,Core,4.158290071,34608.93,48.5212,-58.8736
CANNINGS COVE,88,Core,4.4004547,466386.79,48.44484,-53.845
CAPE BROYLE,89,Core,4.164885392,2662562.05,47.0951,-52.9456
CAPE FREELS NORTH,90,Core,3.604227261,3588052.94,49.2594,-53.495
CAPE ST. GEORGE (ROUZES BROOK),95,Core,4.150183576,5110258.48,48.4768,-59.2009
CAPSTAN ISLAND,97,Core,2.817983434,527862.97,51.5686,-56.7307
CARBONEAR,98,Core,2.938339319,2540116.46,47.7379,-53.2238
CATALINA,101,Core,3.899894528,4063238.53,48.516,-53.0749
CENTREVILLE,103,Core,3.64831474,1203089.98,49.0183,-53.8783
CHAMPNEY'S WEST,106,Core,4,250256.9,48.3833,-53.3
CHANCE COVE,107,Core,3.098250978,2196018.25,47.681,-53.827
CHANGE ISLANDS,108,Core,1.609873427,1012093.17,49.67488,-54.4007
CHANNEL (PORT AUX BASQUES),109,Core,2.202318459,6453936.98,47.574585,-59.139449
COACHMAN'S COVE,117,Core,3.641399615,1971149.11,50.05,-56.1101
CODROY,118,Core,3.448741873,6973734.84,47.8804,-59.3972
COMFORT COVE,122,Core,3.225194346,1395344.75,49.4051,-54.8554
CONCEPTION HARBOUR,123,Core,2.3,162068.72,47.44061,-53.209
CONCHE,124,Core,3.513567762,2916618.81,50.8862,-55.8951
CONNE RIVER,125,Core,3.893646806,2944756.98,47.8619,-55.772
COOK'S HARBOUR,126,Core,3.9373337,3632537.14,51.6068,-55.8622
COOMB'S COVE,127,Non-Core,1.109853229,313594.15,47.45752,-55.624
COTTLESVILLE,129,Core,2,362382.52,49.51208,-54.86761
COW HEAD,131,Core,2.891410027,14643304.51,49.9226,-57.805
COX'S COVE,133,Core,4.776967483,2486395.16,49.1259,-58.0776
CROW HEAD,135,Non-Core,2.251323818,988508.34,49.6743,-54.807
CUPIDS,136,Core,3.087734836,1139798.11,47.5467,-53.2337
DANIEL'S HARBOUR,139,Core,3.265740767,1558529.26,50.24095,-57.5899
DAVIS COVE,143,Core,3.979302249,1207860.68,47.63589,-54.3404
DEADMAN'S BAY,144,Non-Core,3,171255.06,49.3477,-53.6932
DEEP BAY,145,Core,3.60661692,631627.98,49.6698,-54.2809
DILDO,149,Core,3.358334913,2473551.36,47.569,-53.5616
DILDO SOUTH,150,Core,1.7,777093.12,47.5326,-53.5509
DOVER,152,Core,1.973771558,158893.52,48.86357,-53.9715
DUNTARA,155,Core,3,442941.38,48.5993,-53.3713
EDDIES COVE EAST,157,Core,4.040735835,1726046.37,51.4163,-56.457
EDDIES COVE WEST,158,Core,3.874790477,692065.73,50.7515,-57.1732
ELLISTON,161,#N/A,#N/A,,48.63341,-53.0353
ENGLISH HARBOUR WEST,164,Non-Core,1,147213.15,47.46054,-55.4928
FAIR HAVEN,168,Core,3.430377988,2437666.54,47.53245,-53.89883
FERMEUSE,169,Core,3.228821753,3505631.79,46.9756,-52.9534
FERRYLAND,170,Core,2.193567356,551720.39,47.0239,-52.883
FISCHELLS,171,Core,5,715693.93,48.3198,-58.708
FLAT ISLANDS (PORT ELIZABETH),173,Non-Core,0,211237.22,47.2721,-54.9206
FLATROCK,175,Core,3.752005201,1651147.65,47.70155,-52.70796
FLEUR DE LYS,176,Core,3.962656028,2731035.25,50.12016,-56.1317
FLOWER'S COVE,177,Core,2.681448386,1337785.94,51.2997,-56.7358
FOGO,178,Core,3.467032449,4003114.1,49.7159,-54.2753
FORRESTERS POINT,180,Core,3.651356093,1208445.7,51.18132,-56.8118
FORTEAU,181,Core,3.544065659,1458067.18,51.4697,-56.9536
FORTUNE,182,Core,3.036990033,20039175.03,47.0723,-55.8309
FOX HARBOUR,186,Core,3.996268213,1351137.52,47.31852,-53.9112
FOX ISLAND RIVER,187,Core,3.075547831,3494384.62,48.6948,-58.677
FOX ROOST,188,Core,3.282363097,244962.57,47.573,-59.0428
FOXTRAP,189,Core,2.840449543,4581342.91,47.5138,-52.9964
FRANCOIS,190,Core,4.611718176,3331209.27,47.5808,-56.7436
FRENCHMAN'S COVE (BAY OF ISLANDS),193,Core,4.106969197,3073761.4,49.0585,-58.1802
GARDEN COVE,197,Core,3.007524163,361781.91,47.8509,-54.1586
GARNISH,198,Core,3.371399099,5113593.37,47.2345,-55.3585
GASKIERS,199,Non-Core,2,370040.01,46.87986,-53.6121
GAULTOIS,201,Core,4.960694913,383448.08,47.6064,-55.903
GILLARD'S COVE,205,Non-Core,1,11595.61,49.6175,-54.7581
GLOVERS HARBOUR,206,#N/A,#N/A,0,49.45501,-55.4902
GLOVERTOWN,207,Core,4.222182521,1072480.74,48.6741,-54.0265
GOOSE COVE,208,Core,3.955652084,2694319.17,51.3082,-55.6287
GOOSEBERRY COVE,209,Core,3.84312043,4026147.27,48.03105,-53.6392
GRAND BANK,210,Core,3.188928865,10235946.89,47.1025,-55.7486
GRAND BRUIT,213,Non-Core,2.858516608,535148.81,47.67242,-58.2251
GRAND LE PIERRE,214,Core,3.947293267,1150200.02,47.67398,-54.7873
GRATES COVE,215,Core,3.302215274,3065760.47,48.16498,-52.938
GRAVELS (PORT AU PORT),216,#N/A,#N/A,,48.5541,-58.7117
GREEN ISLAND BROOK,220,Core,2.381154382,1326857.66,51.4004,-56.526
GREEN ISLAND COVE,221,Core,3.10359965,1401047.02,51.3841,-56.5797
GREEN'S HARBOUR,223,Core,3.929289757,654846.14,47.6435,-53.5057
GREENSPOND,225,Core,3.120591307,1662662.63,49.06783,-53.5763
GRIQUET,226,Core,2.914944484,2108004.33,51.5124,-55.4651
HAMPDEN,228,Non-Core,3.7,452201.27,49.5448,-56.8558
HANT'S HARBOUR,229,Core,3.688477047,2963624.06,48.0199,-53.261
HAPPY ADVENTURE,230,Core,3.588591909,3469538.89,48.63471,-53.75537
HARBOUR BRETON,231,Core,3.520249741,6248140.98,47.4784,-55.8118
HARBOUR GRACE,232,Core,3.475950983,9234394.72,47.69063,-53.2181
HARBOUR LE COU,233,Core,1.414546617,775143.48,47.6245,-58.6821
HARBOUR MAIN,234,Core,2.795362344,415592.94,47.43549,-53.159
HARBOUR MILLE,235,Core,2.132310021,921697.99,47.58154,-54.8848
HARBOUR ROUND,236,Core,3.482986612,1665100.15,49.9213,-55.7334
HEART'S CONTENT,240,Core,3.488212975,5070790.02,47.87928,-53.3709
HEART'S DELIGHT,241,Core,2.755474828,1251530.62,47.7715,-53.4673
HEART'S DESIRE,242,Core,2.213253668,1092673.7,47.81173,-53.4438
HERMITAGE,243,Core,2.62268327,4192122.04,47.5565,-55.9252
HERRING NECK,244,Core,3.82810677,1767585.49,49.63969,-54.6158
HIBBS COVE,245,Core,1.076851,1557700.17,47.60178,-53.1838
HICKMAN'S HARBOUR,246,Core,3.09296226,617729.71,48.10368,-53.73451
HIGHLANDS (EEL HOLE),247,Core,2.04233579,269699.82,48.1777,-58.9299
HILLGRADE,248,Non-Core,3.133189856,462195.4,49.57356,-54.7041
HOLYROOD,250,Core,5,957094.69,47.3884,-53.1262
HOPEALL,251,Core,4.114578749,227217.09,47.61675,-53.5115
ISLE VALEN,259,Core,3,159138.35,47.47688,-54.3939
ISLE AUX MORTS,260,Core,0.945944355,4222100.93,47.5887,-58.9798
ISLINGTON,261,Core,2.659173299,82609.54,47.76252,-53.48
JACKSON'S ARM,263,Core,2.894455609,850574.62,49.8665,-56.7815
JACKSON'S COVE,264,Core,4.542841103,414348.81,49.6883,-56.0042
JERSEYSIDE,266,Core,4.217198443,6642257.32,47.2533,-53.9613
JOB'S COVE,267,Core,2.986390748,734794.22,47.97,-53.016
JOE BATT'S ARM,268,Core,3.621430678,4092010.01,49.7258,-54.169
KEELS,269,Core,2.344491454,956935.94,48.60789,-53.4073
KING'S COVE,271,Core,3.200575747,736130.25,48.568,-53.3329
L'ANSE-AU-CLAIR,275,Core,2.836152358,4067482.49,51.4235,-57.0665
L'ANSE-AU-LOUP,276,Core,3.181188373,9236824.86,51.5176,-56.8301
LA SCIE,277,Core,3.762366637,15374244.73,49.9611,-55.60025
LADLE COVE,278,Core,3.658341948,2214305.38,49.474,-54.0584
LAMALINE,281,Core,3.572394346,2968779.21,46.8665,-55.7961
LARK HARBOUR,283,Core,2.690961901,949827.12,49.1014,-58.3638
LAWN,284,Core,4.048247765,3603553.04,46.9439,-55.5414
LEADING TICKLES WEST,287,Core,4.251131439,2570070.47,49.5038,-55.4552
LITTLE BAY (LA POILE),289,Core,3.494826016,993711.78,47.6822,-58.396
MARYSTOWN (LITTLE BAY),290,Non-Core,3.557858572,407572.85,47.1655,-55.148
LITTLE BURNT BAY,291,Core,3.999771803,1278051.72,49.3566,-55.0794
LITTLE HARBOUR EAST,294,Core,3.315167422,1696471.22,47.59237,-54.8586
LITTLE HEART'S EASE,296,Core,4.060361837,694264.16,48.0149,-53.6895
LITTLE PARADISE,298,Non-Core,0,662031.24,47.36076,-54.5807
LITTLE PORT,299,Core,3.119010651,1117867.73,49.1069,-58.4222
LITTLE ST. LAWRENCE,300,Non-Core,2.636428781,213149.71,46.92775,-55.3629
LONG COVE,303,Core,4.176844142,3976478.55,47.5667,-53.6667
LONG POND MANUELS,305,#N/A,#N/A,0,47.5186,-52.9749
LORD'S COVE,306,Core,3.085548783,1456399.05,46.8785,-55.669
LOWER ISLAND COVE,310,Core,2.365804853,2215190.35,47.99943,-52.9778
LOWER LANCE COVE,311,Core,4,974534.12,48.1469,-53.6968
LUMSDEN,312,Core,4.27287343,8928843.64,49.3006,-53.5895
LUSHES BIGHT,314,Core,5,627127.21,49.5931,-55.7165
MAINLAND,315,Core,2.94142684,115962.38,48.6241,-59.1011
MALL BAY,317,Non-Core,2.889147668,698425.55,46.9789,-53.5854
MARCHES COVE (LOURDES),318,#N/A,#N/A,,48.6513,-59.0085
MARGAREE,319,Core,2.694583187,2036393.59,47.5729,-59.0584
MARY'S HARBOUR,321,#N/A,#N/A,,52.3096,-55.8363
MCCALLUM,323,Core,3.066666661,665530.11,47.63093,-56.227
MIDDLE ARM,326,Core,3.727082467,1019834.04,49.7036,-56.0936
MILES COVE,328,Core,4.147277815,1103815.57,49.5405,-55.7799
MING'S BIGHT,331,Core,3.721044434,936695.29,49.9767,-56.0417
MORETON'S HARBOUR,333,Core,3.006578019,1110674.82,49.57068,-54.8636
MORTIER,334,Non-Core,2,158373.18,47.0871,-55.1176
LONG HARBOUR (MOUNT ARLINGTON HEIGHTS),337,Core,2.366592484,2364084.42,47.42758,-53.8623
MUSGRAVE HARBOUR,339,Core,4.070312544,9422519.8,49.4596,-53.9605
NEW BONAVENTURE,343,Core,2.7,669111.7,48.2851,-53.4458
NEW CHELSEA,344,Non-Core,1.20934238,335072.43,48.03027,-53.21732
NEW HARBOUR,345,Core,3.22831519,725819.28,47.5884,-53.543
NEWMANS COVE,348,Core,2.105134463,337034.11,48.5861,-53.1937
NEWSTEAD,349,Non-Core,2,264417.01,49.397,-54.8582
NEWTOWN,350,Core,3.527428347,1087493.91,49.20255,-53.5147
NIPPERS HARBOUR,351,Core,4.077623078,4629151.46,49.79359,-55.8598
NORRIS POINT,355,Core,2.047033009,5947100.14,49.52587,-57.8798
NORTH HARBOUR (PLACENTIA BAY),356,Core,3.128924395,670456.4,47.84573,-54.0964
NORTH HARBOUR (ST.MARY'S BAY),357,Core,2.836015945,457361.54,47.1558,-53.6607
O'DONNELLS,359,Core,3.694788069,2629546.75,47.0678,-53.5715
OCHRE PIT COVE,360,Core,3.699934248,4714190.04,47.91195,-53.06
ODERIN,361,#N/A,#N/A,,47.29322,-54.8023
OLD BONAVENTURE,363,Core,3.340172103,781024.08,48.28533,-53.4282
OLD PERLICAN,364,Core,3.579303337,10617443.36,48.0887,-53.0083
OLD SHOP,365,#N/A,#N/A,0,47.53093,-53.5745
OPEN HALL,366,Core,3,539857.78,48.5468,-53.486
PACQUET,369,Core,3.196898273,2162975.75,49.9906,-55.8746
PARKERS COVE,370,Non-Core,3.77673084,503562.45,47.3946,-54.8534
PARSON'S POND,372,#N/A,#N/A,0,50.03036,-57.7121
PETER'S RIVER,374,Non-Core,1,2543581.42,46.75556,-53.6117
PETITES,375,Non-Core,1.298270064,245499.84,47.61704,-58.6348
PETTY HARBOUR,377,Core,4.012613151,6853577.07,47.46351,-52.706
PICCADILLY,379,Core,2.615987974,1632934.55,48.5765,-58.9025
PINWARE,382,Core,1.450997592,888716.94,51.6218,-56.7041
PLACENTIA,383,Core,3.924530322,1308277.87,47.24905,-53.9609
PLATE COVE WEST,385,Core,3.910978889,3453485.49,48.4999,-53.5055
PLEASANTVIEW (PARADISE),386,#N/A,#N/A,0,49.3609,-55.3211
POINT AU GAUL,387,Core,2.323135296,446485.27,46.859,-55.7486
POINT CREWE,389,#N/A,#N/A,,46.9309,-55.9763
POND COVE,395,Non-Core,3.789252155,47450.07,51.1301,-56.8574
POOL'S COVE,396,Core,3.868728847,1583010.11,47.6803,-55.4298
PORT AU BRAS,400,#N/A,#N/A,0,47.05899,-55.1394
PORT AU CHOIX,401,Core,2.44993991,12852807.76,50.7075,-57.357
PORT BLANDFORD,402,Non-Core,2,333657.25,48.36256,-54.1614
PORT DE GRAVE,403,Core,2.644285838,14856538.69,47.586391,-53.210303
PORT HARMON,404,Core,4.096517238,2203949.27,48.5145,-58.538
PORT KIRWAN,405,Core,2.883648433,848198.05,46.9696,-52.9122
PORT SAUNDERS,406,Core,3.838493011,6664905.99,50.647,-57.2744
PORTUGAL COVE,409,Core,4.09644622,3473299.21,47.62589,-52.8568
PORTUGAL COVE SOUTH,410,Core,3.031755403,4453124.1,46.7047,-53.2606
POUCH COVE,411,Core,4.429919609,951893.27,47.76489,-52.7649
PRINCETON,414,Core,3.943996512,669096.61,48.4194,-53.5934
QUIDI VIDI,416,Non-Core,4,263873.44,47.5805,-52.6743
QUIRPON,417,Core,2.740102958,1418949.4,51.58212,-55.4438
RALEIGH,419,Core,2.744364556,3261372.88,51.5638,-55.7308
RAMEA,421,Core,2.546621064,1423893.96,47.5218,-57.3876
RED BAY,423,Core,2,358683.01,51.7302,-56.4255
RED CLIFF,424,#N/A,#N/A,0,48.5596,-53.4918
RED HARBOUR,426,Core,4.3242524,2722021.1,47.2918,-54.9943
RED HEAD COVE,427,#N/A,#N/A,,48.1304,-52.8936
REEF'S HARBOUR,430,Core,3.854557189,793905.79,51.0116,-57.0091
RENCONTRE EAST,432,Core,4.126416046,1159252.84,47.63643,-55.2114
RENEWS,433,Core,3.825974872,1813699.97,46.9228,-52.9335
RIVER OF PONDS,434,Core,3.559146292,2635481.53,50.5285,-57.3966
RIVERHEAD,435,Core,3.054441455,956692.28,46.96287,-53.5228
ROBERT'S ARM,436,Core,4.840440776,715157.4,49.48856,-55.8074
ROCKY HARBOUR,438,Core,2.928400099,2006332.89,49.5893,-57.9379
ROSE BLANCHE,439,Core,1.928043365,4177032.67,47.6092,-58.6901
ROUND HARBOUR,441,Non-Core,2.695844945,698633.99,49.85312,-55.6568
RUSHOON,442,Core,1.785665981,1214046.95,47.34872,-54.9166
SALLY'S COVE,444,Core,2.837232622,47191.09,49.73154,-57.93538
SALVAGE,446,Core,3.220061395,2023177.51,48.6884,-53.6432
SANDY COVE (STRAIT OF BELLE ISLE),449,Core,2.805617738,1236023.02,51.3432,-56.6775
SANDYVILLE (DAWSON'S COVE),451,Core,2.504145253,312003.89,47.5305,-55.9371
SAVAGE COVE,452,Core,3.571845025,809781.15,51.3333,-56.7
SEAL COVE (CONNAIGRE BAY),453,Core,3.526670709,3304513.63,47.4878,-56.0487
SEAL COVE (WHITE BAY),454,Core,2.102804659,842570.57,49.9358,-56.3938
SEAL COVE (HEATHERTON),456,Core,3,14441.77,48.27722,-58.77271
SELDOM COME BY,457,Core,4.321371268,4327854.22,49.6103,-54.187
SHEAVES COVE,458,Core,4,19341.5,48.51791,-59.0529
SHIP COVE (CONCEPTION BAY),459,Core,3.129433782,1551836.34,47.5907,-53.2008
SHIP COVE (ST.GEORGE'S BAY),460,Core,3,39472.18,48.5144,-58.95524
SHIP COVE (CAPE ONION),461,Core,2.51244389,1389007.27,51.5972,-55.6424
SHIP HARBOUR,462,Core,3.445899364,296304.28,47.3598,-53.9001
SHOAL COVE WEST,464,Core,1.3,366205.71,51.0117,-57.0091
SHOE COVE,467,Core,2.951040968,938168.68,49.9142,-55.5592
SIBLEYS COVE,468,Core,3.787405515,3210925.48,48.04329,-53.1045
SMITH'S HARBOUR,469,Core,2.835714772,456523.09,49.74,-55.9692
SNOOKS ARM,470,Non-Core,3.898610079,833621.52,49.85493,-55.7114
SOP'S ARM,471,Core,2,750000,49.7725,-56.8739
SOUTH EAST BIGHT,473,Core,0,381171.51,47.39477,-54.5766
SOUTHERN HARBOUR,475,Core,2.627984059,4468826.13,47.71522,-53.9663
SOUTHPORT,476,Core,4.121231645,2010680.35,48.0445,-53.6436
SPANIARD'S BAY,477,Non-Core,3,185621.01,47.622655,-53.271197
SPIRITY COVE,480,Core,2.5,49007.17,50.60341,-57.3675
SPOON COVE,481,#N/A,#N/A,,47.64391,-53.2074
ST. ANTHONY,482,Core,2.649042349,481249.79,51.36067,-55.5694
ST. ANTHONY BIGHT,483,Non-Core,3.186487385,649513.37,51.37966,-55.5452
ST. BERNARD'S,484,Core,4.12203705,3643703.08,47.5278,-54.9504
ST. BRENDAN'S (SHOAL COVE AND DOCK COVE),486,Core,0,1740541.31,48.874,-53.6675
ST. BRIDE'S,487,Core,3.764390293,9606877.89,46.917864,-54.176321
ST. CAROLS,488,Non-Core,4.897994718,482302.67,51.3761,-55.5029
ST. DAVID'S (CRABBE'S RIVER),490,Core,3.458209945,1279556.79,48.2183,-58.863
ST. GEORGE'S,491,Non-Core,1.276098028,713323.96,48.4313,-58.486
ST. JACQUES,492,Core,2.9,100805.34,47.4913,-55.4209
ST. JOHN'S (PROSSER ROCK),494,Core,3.804001773,10027126.81,47.5658,-52.6901
ST. JONES WITHIN,495,#N/A,#N/A,,48.029,-53.801
ST. LAWRENCE,499,Core,3.882375813,3112965.97,46.9171,-55.3905
ST. LUNAIRE,500,Core,3.445177379,2868871.8,51.5002,-55.4745
ST. MARY'S,501,Core,3.088812392,1160348.12,46.9163,-53.5738
ST. PHILLIP'S,503,Core,3.628403544,1983919.02,47.5924,-52.8855
ST. SHOTTS,504,Core,2.461383929,4490300.88,46.6277,-53.5924
STAG HARBOUR,507,Non-Core,3,64719.37,49.57549,-54.2726
SUMMERFORD,510,Core,2.809226872,530017.73,49.4892,-54.7969
SUMMERVILLE,512,Core,3.662339789,2253478.55,48.44,-53.5516
SUNNYSIDE,513,Core,3.282249799,763357.91,47.85792,-53.92859
SWEET BAY,514,Core,4.129898042,597500.2,48.44606,-53.6512
TACKS BEACH,516,#N/A,#N/A,,47.5802,-54.2145
THORNLEA,517,Non-Core,2.667430196,415226.82,47.60645,-53.7194
THREE ROCK COVE,518,Core,2.64043209,80277.77,48.6241,-59.101
TILTING,519,Core,2.77843872,1275151.08,49.70589,-54.0619
TIZZARD'S HARBOUR,520,Non-Core,3,323921.86,49.59456,-54.8025
TORBAY,521,Core,2.646148987,1572697.92,47.66539,-52.7264
TREPASSEY,523,Core,3.631255083,1488781.99,46.7355,-53.3715
TRINITY EAST,526,Core,3.191295541,684356.8,48.3784,-53.3451
TRITON WEST,527,Core,4.889967263,2337412.28,49.52638,-55.6183
TROUT RIVER,528,Core,3.059835495,1703318.66,49.4804,-58.1326
TROUTY,530,Non-Core,2.682285468,343241.02,48.3312,-53.4062
TWILLINGATE (SHOAL TICKLE),531,Core,4.733640526,7235210.04,49.64654,-54.7701
UPPER ISLAND COVE,536,Core,3.11192937,893420.56,47.64954,-53.2029
JENKINS COVE,537,Core,2.761127469,1006375.95,49.66354,-54.7364
VALLEYFIELD,538,Core,3.255172543,7237703.74,49.1219,-53.6087
VIRGIN ARM,539,Non-Core,2,139951.03,49.5272,-54.772
WESTPORT,544,Core,2.859150048,603285.58,49.78556,-56.6438
VALLEY POND,545,Core,4.11929789,84230.66,49.56849,-54.8993
WHITEWAY,546,Core,3.743699153,1387225.84,47.697,-53.4819
BEACHSIDE,547,Non-Core,2.949471576,963905.26,49.6431,-55.8959
WILD COVE,548,Core,3.60630791,1987173.82,49.99335,-56.3421
WINTERTON,552,Core,2.665162858,1700858.79,47.9552,-53.3343
WITLESS BAY,553,Core,3.560736995,1925464.7,47.2786,-52.8239
WOODY POINT,558,Core,3.856379776,783570.91,49.5024,-57.9131
WRECK COVE,559,Core,3.843762476,1500497.46,47.4976,-55.6079
MAKKOVIK,564,Core,3.262119194,2384023.35,55.084,-59.171
SMOKEY,566,Non-Core,3,2575055.4,54.4668,-57.2461
MERASHEEN,570,Non-Core,0,1190024.57,47.4167,-54.35
BRENT'S COVE,572,Core,2.273476367,960592.29,49.93874,-55.7112
WESLEYVILLE,573,Core,3.367264876,2050224.18,49.14446,-53.5605
BELLEORAM,574,Core,3.798876592,3167970.1,47.5266,-55.4085
GREY RIVER,578,#N/A,#N/A,,47.58904,-57.1015
ENGLEE,579,Core,1.29540928,234598.69,50.73246,-56.107
NAIN,585,Core,2.74552861,2854103.95,56.5432,-61.6868
PLUM POINT,592,Non-Core,5,31566.53,51.0789,-56.8903
THREE MILE ROCK,594,Non-Core,3,32671.45,50.0066,-57.7389
STRAITSVIEW (SPILLARS COVE),600,Core,4.723825793,1271978.56,51.5886,-55.493
BISCAYAN COVE,607,Non-Core,1.3,190526.17,47.804,-52.7874
BLACK TICKLE,609,Core,3.861684021,2504606.43,53.4561,-55.7646
CAPE CHARLES (LODGE BAY),619,Non-Core,0,101770.67,52.23143,-55.847
CARMANVILLE,621,Core,3.039007427,7420616.17,49.4039,-54.2826
FLAT BAY,637,#N/A,#N/A,,48.4021,-58.5822
ST. LEWIS,639,Core,0,1555011.48,52.36811,-55.6792
HEATHERTON,648,#N/A,#N/A,,48.27703,-58.7723
PETIT FORTE,677,Core,0.152841617,624424.17,47.39624,-54.6681
PINSENT'S ARM,678,Core,5,1493597.67,52.68845,-55.8885
TICKLE COVE,691,Core,3.698641517,1781213.82,48.5833,-53.4833
WEST BAY CENTRE,701,Non-Core,2.5,18975.27,48.59978,-58.9408
JOSEPHINE'S COVE (BARR'D HARBOUR),719,Core,0,500000,50.8168,-57.0637
OLD HOUSE ROCK (ST. PAULS),725,#N/A,#N/A,,49.8567,-57.7972
PORTLAND CREEK,727,#N/A,#N/A,,50.1685,-57.6119
MONKSTOWN,737,Core,3.424576137,335845.99,47.579,-54.4293
GEORGES COVE,738,#N/A,#N/A,,52.5821,-55.7554
CARTWRIGHT,739,Non-Core,2.626668844,473433.94,53.70326,-57.0263
SQUARE ISLANDS,740,Non-Core,0,249081.37,52.73293,-55.8313
LOURDES,744,Core,3.26478838,568786.22,48.65242,-59.0047
CASTORS RIVER NORTH,751,Core,5,1486407.02,50.93198,-56.9601
ENGLISH HARBOUR EAST,757,Core,3.902626275,1026971.09,47.6323,-54.8855
CHARLOTTETOWN,800,Core,4.704010886,1200490.57,52.77382,-56.1213
ABBOTTS HARBOUR,1001,Core,2.936170213,2350000,43.6639,-65.8237
ADVOCATE,1002,Core,3.327118644,1475000,45.3324,-64.7757
ALDER POINT,1003,Core,2.987401575,3175000,46.3087,-60.2835
AULDS COVE,1010,Core,3.093247588,1555000,45.761,-62.172
BAILEYS BROOK (LISMORE),1012,Core,3.152014652,8190000,45.6482,-61.4352
BALLANTYNES COVE (MCNAIR'S COVE),1014,Core,2.026829268,10250000,45.706,-62.2703
BARRIOS BEACH (TRACADIE),1018,Core,2.54589372,2070000,45.8587,-61.9186
BATTERY POINT (VICTORIA BEACH),1019,Core,3.027901786,5600000,45.6411,-61.6275
BAY ST. LAWRENCE,1020,Core,2.684719536,12925000,44.675,-65.7526
BAYFIELD (POMQUET POINT),1021,Core,3.183333333,4500000,47.0006,-60.4656
BAYPORT,1022,Core,2.960869565,1150000,45.6453,-61.7537
BEAR POINT,1025,Core,3.07642998,2535000,44.3293,-64.316
BIG BRAS D'OR,1027,Core,2.485191083,3140000,43.4867,-65.6552
BIG TANCOOK ISLAND,1029,Core,3.124,1250000,46.2815,-60.4247
INGOMAR (BLACK POINT),1030,Core,3.641852771,6045000,44.4648,-64.171
BLANDFORD (SHOAL COVE),1031,Core,3.34057971,1380000,43.56323,-65.3622
BROAD COVE,1036,Non-Core,0,,44.4948,-64.1123
BROOKLYN-FISHERMEN'S WHARF / SKIDWAY,1038,Core,3.75,800000,44.1794,-64.4782
BUSH ISLAND,1039,Core,3.422794118,1700000,44.0485,-64.6899
CAMP COVE (LOWER ARGYLE),1040,Core,3.248305085,7375000,44.2335,-64.3729
CANADA CREEK,1041,Non-Core,0,,43.7242,-65.8404
CANSO,1042,Core,3.53953321,9726000,45.1711,-64.7436
CAPE JOHN,1044,Core,3.748460591,3248000,45.339,-60.9978
CAPE ST.MARYS,1046,Core,3.266786034,5585000,45.798,-63.1239
CARTERS POINT (MURPHY COVE),1049,Core,3.451508621,1160000,44.085,-66.2067
CENTREVILLE (TROUT COVE),1051,Core,2.295751634,7650000,44.7853,-62.7624
CHEBOGUE (TOWN POINT HILL),1054,Core,3.222307692,1625000,44.5511,-66.0332
CHEGOGGIN (PEMBROKE DYKE CHANNEL),1055,Non-Core,1.484848485,4125000,43.7759,-66.0944
CHEGOGGIN POINT,1056,Core,2.969075145,4325000,43.8599,-66.1508
CHETICAMP - TOWN WHARF,1061,Core,2.791955617,2163000,43.853,-66.162
CHETICAMP POINT,1063,Non-Core,1.056748466,3260000,46.627,-61.0166
EAST CHEZZETCOOK,1064,Core,2.8,750000,46.6031,-61.0538
CLARK'S HARBOUR,1068,Core,3.057027391,11135000,44.7111,-63.2366
COOPERS POINT,1074,Core,3.868804665,1715000,43.444,-65.6351
CRIBBONS POINT,1078,Core,3.29038599,6995000,44.7943,-62.6754
CRIPPLE CREEK,1079,Core,3.471335857,9245000,45.7559,-61.8966
DELAPS COVE,1084,Core,3.426214197,4015000,43.489,-65.5598
DENNIS POINT (LOWER WEST PUBNICO),1085,Core,3.66252073,15075000,44.7694,-65.6355
DINGWALL,1088,Core,3.660706638,4670000,43.6181,-65.7873
DRUM HEAD,1089,Non-Core,2.312785649,4376000,46.90326,-60.4604
DUBLIN SHORE,1090,Core,2.918032787,3050000,45.1466,-61.6033
EAST DOVER,1092,Core,2.2,750000,44.2674,-64.3637
EAST FERRY,1093,Non-Core,3.023188406,1725000,44.4955,-63.8445
EAST SIDE PORT L'HEBERT,1095,Core,3.553380783,2810000,44.3933,-66.2034
EASTERN PASSAGE,1098,Core,3.388489209,2502000,43.8279,-64.9334
FALLS POINT,1103,Core,3.043086172,12475000,44.611,-63.4969
FELTZEN SOUTH,1104,Core,2.352586207,2320000,43.5301,-65.7412
FINLAY POINT,1105,Core,3.284246575,3285000,44.3292,-64.2798
FIVE ISLANDS,1107,Non-Core,0,,46.1341,-61.4623
FORBES POINT,1109,Core,2.549528302,1590000,43.5378,-65.7455
FOX POINT,1111,Core,2.4360587,2385000,44.614,-64.0577
FREEPORT-FISH POINT WHARF,1112,Core,3.226415094,2650000,44.2742,-66.335
GABARUS,1113,Non-Core,0,,45.843,-60.1495
GLACE BAY,1114,Core,2.95545642,11152000,46.1956,-59.9507
GRAND ETANG,1117,Core,3.419627383,5770000,46.5495,-61.0448
GUNNING COVE,1119,Core,3.964588145,6495000,43.68065,-65.3406
HALF ISLAND COVE,1120,Non-Core,0,,45.3538,-61.195
HALLS HARBOUR,1121,Core,3.424351585,8675000,45.2008,-64.6198
HAMPTON,1122,Core,3.4,7375000,44.9068,-65.3508
HAVRE BOUCHER,1124,Core,2.169014085,1775000,45.6888,-61.5277
HUNTS POINT,1127,Core,3.494949495,2475000,43.9515,-64.7682
INDIAN POINT,1129,Core,3.934108527,1290000,44.4593,-64.3134
INGONISH FERRY (SOUTH INGONISH),1130,Core,3.968773514,1329000,46.6298,-60.3893
INVERNESS (MCISAAC POND),1131,Core,3.705472637,5025000,46.2302,-61.3174
GAMMONS CREEK (JOHN VOGLERS SHORE),1136,Core,3.233009709,1030000,44.9038,-62.3498
JONES HARBOUR,1138,Core,1.623955432,1795000,43.7501,-64.9747
JUDIQUE (BAXTERS COVE),1139,Core,2.132063882,4070000,45.858,-61.5035
KELLEYS COVE,1140,Non-Core,0,,43.7839,-66.1287
KRAUT POINT (RIVERPORT),1145,Core,3.404761905,3150000,44.2898,-64.3452
LARRYS RIVER,1147,Core,2.266411871,5560000,45.2179,-61.3737
LEDGE HARBOUR,1148,Core,3.034172662,3475000,43.652,-65.819
LITTLE ANSE,1151,Non-Core,0,,45.4968,-60.9292
SCOTS BAY (LITTLE COVE),1153,Core,1.655963303,2725000,45.3142,-64.4247
DOVER (LITTLE DOVER),1154,Core,2.85741688,3910000,45.2901,-61.0487
LITTLE HARBOUR (HALIFAX COUNTY),1155,Core,3.052,1125000,44.7093,-62.8418
LITTLE HARBOUR (CHERRY HILL),1156,Core,2.5,650000,44.1574,-64.4824
LITTLE HARBOUR (L'ARDOISE),1158,Core,3.215799388,4247000,45.5827,-60.7403
LITTLE HARBOUR (SHELBURNE COUNTY),1160,Core,2.945539419,2410000,43.7167,-65.03
LITTLE JUDIQUE PONDS,1162,Core,3.898879402,4685000,45.9397,-61.5275
LITTLE LISCOMB,1163,Core,3.561046512,1720000,45.0258,-61.9718
LITTLE RIVER (VICTORIA COUNTY),1165,Core,3.304388863,6357000,46.4454,-60.4591
LITTLE RIVER (DIGBY COUNTY),1166,Core,3.246409336,2785000,44.4442,-66.1298
LITTLE RIVER HARBOUR,1167,Core,4.05632716,3240000,43.7117,-66.0308
LITTLE TANCOOK,1168,Non-Core,0,,44.4719,-64.1406
LIVINGSTONE COVE,1170,Core,2.523076923,1625000,45.8682,-61.9817
LOCKEPORT,1171,Core,3.615692223,9065000,43.7013,-65.1094
LONG COVE (MEDWAY),1173,Non-Core,0,,44.0977,-64.5457
LOUISBOURG,1175,Core,2.962727535,6922000,45.9178,-59.9706
LOWER EAST PUBNICO,1177,Core,3.119446047,8665000,43.6056,-65.777
LOWER JORDAN BAY,1179,Core,3.291666667,1200000,43.6816,-65.2403
LOWER PROSPECT,1182,Core,2.563694268,785000,44.451,-63.7259
LOWER SANDY POINT,1183,Core,3.720877458,6610000,43.68,-65.3022
LOWER WEDGEPORT -TUNA WHARF,1185,Core,2.160575049,5130000,43.7123,-65.9844
LOWER WOODS HARBOUR,1186,Core,3.320197044,5075000,43.5219,-65.7374
LUNENBURG - RAILWAY WHARF,1187,Core,2.777777778,1350000,44.375,-64.307
MABOU HARBOUR,1189,Core,3.970091027,3845000,46.086,-61.4649
MAIN-À-DIEU,1192,Core,3.315914489,6315000,46.0066,-59.8412
MALAGASH,1193,Core,2.846292417,2387000,45.7748,-63.2962
MARGAREE HARBOUR (BELLE CÔTE),1195,Core,3.600492914,8115000,46.4436,-61.1086
MARIE JOSEPH,1197,Core,3.348484848,1320000,44.9657,-62.079
METEGHAN,1205,Core,3.593939394,16500000,44.1941,-66.1666
MIDDLE POINT COVE,1208,Non-Core,0,,44.5089,-63.939
MILL COVE,1209,Core,2.490942029,2760000,44.5809,-64.0541
MOOSE HARBOUR,1211,Core,3.057575758,4125000,44.0187,-64.6645
MORRIS ISLAND,1212,Core,3.350649351,2310000,43.7347,-65.8873
MURPHYS POND,1215,Core,3.1003961,4923000,46.0274,-61.5446
NEILS HARBOUR,1216,Core,3.767253604,4231000,46.807,-60.3206
NEW HARBOUR (GUYSBOROUGH COUNTY),1219,Core,3.59562212,3255000,44.4736,-64.0912
NEW HARBOUR (LUNENBURG COUNTY),1220,Non-Core,0,,44.4736,-64.0913
NEW HAVEN,1221,Core,2.630940834,4124000,46.8206,-60.3198
NEW WATERFORD,1222,Core,2.789621016,2322000,46.2564,-60.0837
NEWELLTON,1223,Core,3.198275862,8700000,43.4721,-65.6333
INGONISH (MACLEODS POINT),1224,Core,3.381355023,5594000,46.6884,-60.3591
NORTH SYDNEY-BALLAST GROUNDS,1226,Core,2.962440545,6097000,46.2064,-60.2489
NORTHPORT,1227,Non-Core,1.909574468,1466400,45.9342,-63.8685
NORTHWEST COVE,1228,Core,3.355263158,1330000,44.5339,-64.0236
OWLS HEAD,1232,Core,4.284591195,1590000,44.7364,-62.8313
PARKERS COVE,1234,Core,3.21,10000000,44.813,-65.5378
PEGGYS COVE,1235,Core,3.944134078,895000,44.4934,-63.9165
PEREAUX (DELHAVEN),1236,Core,2.876126126,2775000,45.2024,-64.3804
PICTOU ISLAND,1239,Core,3.403571429,7000000,45.8031,-62.5857
PICTOU LANDING,1240,Core,4.1875,5700000,45.6759,-62.684
PINKNEYS POINT,1241,Core,3.076622361,6395000,43.704,-66.0542
PLEASANT BAY,1243,Core,3.127611421,7180000,46.8304,-60.7978
POINT ACONI (MCCREADYVILLE),1244,Core,3.553648069,1165000,46.3071,-60.2875
PORT BICKERTON EAST,1248,Core,2.809815951,2445000,45.1058,-61.7227
PORT BICKERTON WEST,1249,Core,2.044776119,2345000,45.0947,-61.727
PORT LA TOUR,1256,Core,3.41555903,6395000,43.4988,-65.4709
PORT MAITLAND,1258,Core,2.641996558,14525000,43.9853,-66.158
PORT MEDWAY,1260,Core,3.560131796,3035000,44.1322,-64.5762
PORT MORIEN,1261,Core,3.08683033,8269000,46.1316,-59.8719
PORT MOUTON,1262,Core,2.005,1750000,43.9269,-64.8471
PORTUGUESE COVE,1267,Non-Core,0,,44.5204,-63.5314
PUGWASH,1270,Core,3.359086492,2058000,45.8477,-63.6669
QUEENSPORT,1272,Core,3.320158103,1265000,45.3448,-61.256
ROSE BAY,1278,Non-Core,0,,44.2861,-64.2848
SAMBRO,1280,Core,3.789371981,5175000,44.4779,-63.5994
SANDFORD,1282,Core,2.641210614,15075000,43.9194,-66.1551
SANDY COVE EAST,1283,Core,3.306122449,3675000,44.4877,-66.0853
SANDY COVE WEST,1284,Non-Core,0,,44.4987,-66.0986
SAULNIERVILLE,1286,Core,4.705570292,18850000,44.2631,-66.1369
SEAL HARBOUR,1289,#N/A,#N/A,,45.1505,-61.5807
SHAD BAY,1291,Core,4,355000,44.529,-63.7878
SHAG HARBOUR,1292,Core,3.30794702,5285000,43.49288,-65.70656
SHAG HARBOUR (PROSPECT POINT),1293,Core,2.582236842,1900000,43.4904,-65.7187
SKINNERS COVE,1295,Core,3.791074056,4078000,45.7935,-63.0446
SLUICE POINT,1296,Core,3.174050633,1975000,43.7728,-65.9503
SMITHSVILLE,1298,Non-Core,0,0,43.4859,-65.4638
SONORA,1300,Core,3.432291667,1920000,45.0576,-61.9045
SOUTH BAR,1301,Core,2.997560976,2050000,46.2004,-60.2039
SOUTH SIDE,1304,Core,3.481958763,4850000,43.4477,-65.5858
STONEY ISLAND,1312,Core,2.84032634,4290000,43.468,-65.5663
SURETTES ISLAND (THE TITTLE),1314,Core,3.561320755,1060000,43.72,-65.9054
SWIMS POINT,1315,Core,2.972222222,2025000,43.433,-65.6313
TERENCE BAY,1318,Core,2.865187713,1465000,44.4678,-63.7147
THREE FATHOM HARBOUR,1320,Core,3.507621951,820000,44.6391,-63.2768
TIVERTON -FISHERMEN'S WHARF,1323,Core,2.975517241,7250000,44.397,-66.2137
TONEY RIVER,1325,Core,3.960869565,5175000,45.7716,-62.8906
UPPER PORT LA TOUR,1331,Core,2.851528384,5725000,43.5059,-65.4695
VOGLERS COVE WEST,1335,Core,2.930167598,4475000,44.1533,-64.545
WALLACE,1337,Core,2.532363801,2654200,45.8148,-63.4731
WEDGE POINT (WEDGEPORT),1338,Core,3.120748299,7350000,43.7131,-65.9693
WEST ARICHAT,1339,Non-Core,0,,45.51172,-61.0778
WEST BERLIN,1341,Core,3.488372093,2150000,44.0689,-64.5826
WEST DOVER,1342,Core,3.130434783,1150000,44.4929,-63.8684
WEST GREEN HARBOUR,1343,Core,3.275362319,1725000,43.7192,-65.1678
WEST HEAD,1345,Core,3.603286853,12550000,43.4588,-65.6519
WESTPORT -FERRY WHARF,1350,Core,3.16,5750000,44.2657,-66.3482
WESTPORT (IRISHTOWN),1351,Core,2.568888889,4500000,44.2584,-66.3467
WHALE COVE,1352,Non-Core,2.495098039,2550000,44.4359,-66.1751
WHITE POINT,1353,Core,3.4360074,2973000,46.8754,-60.3534
UPPER WHITEHEAD,1356,Core,1.954308094,1915000,45.2409,-61.1895
YARMOUTH BAR,1361,Core,4.638888889,5400000,43.8151,-66.1505
CARIBOU FERRY - FISHERMEN'S FACILITIES,1364,Core,3.258881579,7600000,45.739,-62.6875
CENTRAL PORT MOUTON - FISHERMEN'S WHARF,1403,Core,3.810523289,8695000,43.9203,-64.8428
FREEPORT (NORTHEAST COVE),1404,Non-Core,0,,44.2694,-66.329
FREEPORT (SOUTH COVE),1405,Core,3.720457433,3935000,44.2661,-66.3273
PETIT-DE-GRAT,1408,Core,3.609299098,5764000,45.5058,-60.9604
CHETICAMP (LA DIGUE),1411,Core,3.313482007,9865000,46.6362,-61.0101
LUNENBURG - FISHERMEN'S WHARF,1412,Core,3.487951807,1660000,44.3763,-64.3145
ALBERTON (NORTHPORT),2001,Core,3.374459246,14563000,46.7953,-64.0591
ANNANDALE,2003,Core,3.114645461,4527000,46.2583,-62.4238
BAY FORTUNE,2006,Core,3.703842522,10165200,46.3286,-62.3502
BEACH POINT,2007,Core,3.706624606,14265000,46.0161,-62.4866
BIDEFORD,2010,Non-Core,0,,46.6135,-63.9087
BORDEN - FISHERMEN'S WHARF,2011,Core,2.322527832,3054000,46.25,-63.7013
CLIFTON,2017,Non-Core,0,,46.4618,-63.5422
COVEHEAD,2018,Core,3.855182927,3280000,46.4282,-63.1462
DARNLEY (BRIDGE),2020,Non-Core,1.685153584,1465000,46.5344,-63.6646
ABRAMS VILLAGE,2021,Core,3.288161856,5647000,46.4401,-64.1118
FISHING COVE,2024,Core,2.685576077,5685000,46.408,-64.1345
FRENCH RIVER,2025,Core,3.232962963,2025000,46.5174,-63.5115
FRENCH RIVER -SOUTH LANDING,2026,Core,2.950501002,2495000,46.5089,-63.5013
GEORGETOWN - FISHERMEN'S WHARF,2027,Core,2.993985925,4177700,46.179,-62.5307
GRAHAM POND,2029,Core,3.317936611,12188200,46.0962,-62.4545
HIGGINS SHORE (PRINCE COUNTY),2033,Core,3.006164059,2109000,46.5496,-64.0885
HOWARDS COVE,2034,Core,3.499910794,5605000,46.7402,-64.3782
JUDES POINT,2035,Core,3.480682731,6225000,46.9522,-64.0028
LAUNCHING POND,2037,Core,3.541445665,10388300,46.2209,-62.4117
LOWER MONTAGUE,2040,Core,3.27747371,1626100,46.1702,-62.5627
MACHONS POINT,2041,Core,2.776237624,2525000,46.0139,-62.5138
MALPEQUE COVE (MALPEQUE),2042,Core,3.421535394,5015000,46.5564,-63.7031
MCAULEY'S SHORE (PINETTE RIVER),2043,Core,3.423735511,2277600,46.0579,-62.9273
MILLIGANS SHORE,2046,Core,2.804754416,4133000,46.6555,-63.9115
MIMINEGASH,2047,Core,3.858178675,14171000,46.8793,-64.2321
MINK RIVER,2048,Core,3.433121019,3925000,46.0487,-62.5294
MONTAGUE,2049,Core,2.93776533,3392000,46.165,-62.646
MURRAY RIVER,2050,Non-Core,2.214285714,1400000,46.0134,-62.6093
NAUFRAGE,2051,Core,2.903273338,14828900,46.4673,-62.4177
NEW LONDON,2052,Core,3.411214953,1605000,46.4692,-63.5138
NINE MILE CREEK,2053,Core,3.81284153,3660000,46.1482,-63.2183
NORTH LAKE,2055,Core,3.17040638,16420600,46.4672,-62.0695
NORTH RUSTICO,2056,Core,3.222492335,11415000,46.45691,-63.3103
PINETTE,2058,Non-Core,2.81122449,980000,46.0539,-62.9106
PORT HILL,2061,Non-Core,0,,46.5931,-63.8666
RED HEAD,2063,Core,3.2032155,9202300,46.4322,-62.7129
SAVAGE HARBOUR,2069,Core,2.986721152,6179000,46.4322,-62.836
SEACOW POND,2070,Core,2.843835119,5507000,47.0293,-63.9901
SKINNERS POND,2071,Core,3.570432923,13559000,46.9646,-64.1242
SOUTH RIVER (MURRAY HARBOUR),2072,Core,2.584302326,4300000,46.0056,-62.5223
STANHOPE,2074,Non-Core,2.543478261,460000,46.4142,-63.1174
STANLEY BRIDGE,2075,Core,3.295155039,3870000,46.4632,-63.4593
STURGEON,2076,Non-Core,3.140625,800000,46.1234,-62.5323
STURGEON (BRIDGE),2077,Core,4.639393939,825000,46.1184,-62.5402
TIGNISH,2078,Core,3.386573129,17141000,46.9514,-63.9957
TRACADIE,2079,Core,2.763109654,4500500,46.4032,-63.0293
VICTORIA,2081,Core,3.43647199,4195000,46.2132,-63.4896
WEST POINT,2082,Core,2.920161604,10272000,46.6189,-64.3721
WOOD ISLANDS,2083,Core,3.168205654,4386000,45.953,-62.7478
ALMA,2501,Core,3.121915056,5227000,45.6002,-64.9458
ANSE-BLEUE,2502,Core,3.367288004,8986000,47.8306,-65.0813
BACK BAY,2503,Core,4.026420079,7570000,45.0559,-66.8639
BARRE-DE-COCAGNE (CORMIERVILLE),2505,Core,3.058249303,4661000,46.4079,-64.6164
BAY DU VIN,2507,Core,3.198056801,2007000,47.039,-65.147
BEAVER HARBOUR,2508,Core,4.379334649,7094000,45.0689,-66.7397
LEPREAU (BELAS BASIN),2510,Core,1.750305499,2455000,45.125,-66.4714
BLACK RIVER,2513,Core,3.592760181,1989000,45.2609,-65.8096
BLACKS HARBOUR,2514,Core,4.479928407,3911000,45.0556,-66.7948
BOTSFORD (MURRAY CORNER),2515,Core,3.216840212,5282000,46.1688,-63.9348
BOYNES COVE,2516,Core,4.342933204,4132000,45.1311,-66.4982
BURNT CHURCH,2520,Non-Core,2.289655172,3625000,47.1915,-65.1359
CAP-DES-CAISSIE,2523,Core,3.238297494,5627000,46.3134,-64.5107
CAP-PELÉ,2525,Core,2.894531861,5751500,46.2355,-64.2622
CAPE TORMENTINE,2527,Core,2.459150807,13189000,46.1344,-63.7778
CARAQUET,2528,Core,1.510345495,43908000,47.7966,-64.9296
CHANCE HARBOUR,2530,Core,2.780737705,3904000,45.1223,-66.3512
CHOCKPISH (CÔTE-SAINTE-ANNE),2531,Core,2.960346609,15438150,46.5836,-64.7216
CHOCOLATE COVE,2532,Non-Core,0,,44.9468,-66.9734
CURRY COVE,2539,Non-Core,0,,44.9281,-66.939
DIPPER HARBOUR,2542,Core,4.113683844,5744000,45.0943,-66.4177
LES ABOITEAUX (DUPUIS CORNER),2545,Core,3.791032514,5446900,46.2304,-64.2971
ESCUMINAC,2548,Core,3.142109531,21583000,47.0814,-64.8866
FAIRHAVEN,2550,Core,3.902231668,1882000,44.964,-67.0081
FIVE FATHOM HOLE,2551,Core,3.365872211,986000,45.1866,-66.2574
GRANDE-ANSE,2557,Core,3.399600331,3628000,47.8186,-65.1774
POINTE-VERTE,2558,Core,2.402149321,6011200,47.8611,-65.7622
GULL COVE (WHITEHEAD ISLAND),2559,Core,3.847328244,655000,44.6305,-66.6917
HARDWICKE (FRENCH RIVER),2561,Non-Core,3.483291771,2005000,47.0784,-65.0183
HEAD HARBOUR,2563,Core,3.779292929,3960000,44.9441,-66.9208
INGALLS HEAD,2565,Core,3.080545369,21270000,44.662,-66.7563
JACQUET RIVER,2567,Non-Core,3.950980392,510000,47.9226,-66.0292
LOGGIECROFT (KOUCHIBOUGUAC),2568,Core,3.626036124,3908800,46.8317,-64.9343
LAMÈQUE,2571,Core,1.280932785,21870000,47.7914,-64.6582
LEONARDVILLE,2573,Core,3.912033015,9208000,44.9718,-66.9532
PETIT-CAP,2576,Core,3.044696219,6659400,46.1994,-64.1632
LITTLE DIPPER HARBOUR,2577,Non-Core,0,,45.1155,-66.3611
PETIT SHIPPAGAN,2580,Core,3.485510766,6177000,47.8826,-64.5756
LORDS COVE,2582,Core,3.308646003,3065000,45.0059,-66.9474
LORNEVILLE,2583,Core,4.13372093,2580000,45.1926,-66.1483
BAS-CARAQUET,2584,Non-Core,2.208522212,5515000,47.8085,-64.8571
BAS-NEGUAC (LOWER NEGUAC),2585,Core,2.488153777,4474000,47.2572,-65.054
CAP-DE-SAINT-LOUIS,2587,Core,3.617147629,4310800,46.7597,-64.914
MACES BAY,2588,Non-Core,1,150000,45.1167,-66.4785
MALLOCH BEACH (NORTH ROAD),2591,Core,3.764372163,3305000,44.9158,-66.9419
MCEACHERNS POINT (WISHART POINT),2595,Core,3.150512518,4741300,47.3399,-64.9687
MILLER BROOK (SALMON BEACH),2597,Core,2.747940391,3556500,47.6689,-65.5048
MISCOU,2598,Core,3.006442621,9507000,47.8953,-64.5782
NEGUAC,2600,Core,3.32637736,10360400,47.241,-65.074
NEW MILLS,2601,Core,3.028225806,2666000,47.9744,-66.1885
NORTH HEAD -FISHERMEN'S WHARF,2603,Core,3.170148248,17808000,44.7628,-66.7502
PETIT-ROCHER,2606,Core,3.19941195,4761500,47.7826,-65.7081
PIGEON HILL,2608,Core,3.519451585,11670000,47.8782,-64.506
POINTE-SAPIN,2609,Core,2.985795201,14547900,46.9616,-64.8314
RICHARDSON,2616,Non-Core,0,,44.9952,-66.9464
RICHIBUCTO,2617,Core,2.844523133,11790500,46.6809,-64.8614
CAP-LUMIÈRE (RICHIBUCTO CAPE),2619,Core,1.80753667,12291900,46.6741,-64.712
ROBICHAUD,2621,Non-Core,2.447761887,5384000,46.2243,-64.3837
SAINT-EDOUARD-DE-KENT,2623,Core,3.169869707,4605000,46.5413,-64.6985
SAVOY LANDING,2625,Core,2.036118704,2561000,47.7495,-64.691
SEAL COVE-FISHERMEN'S WHARVES,2626,Core,4.13612837,19475000,44.6484,-66.8399
SEELEYS COVE,2627,Core,3.902912621,1648000,45.0938,-66.6363
SHIPPAGAN,2630,Core,3.018391071,47485000,47.7467,-64.7021
LE GOULET,2631,Core,1.748317954,47085500,47.7196,-64.6693
ST. MARTINS,2635,Core,3.831139737,7142000,45.3574,-65.5327
ST. THOMAS,2639,Core,2.495699541,3488000,46.4471,-64.6359
SAINTE-MARIE-SUR-MER,2640,Core,2.903120936,7690000,47.7806,-64.5648
STONEHAVEN,2641,Core,3.350710322,5821300,47.7549,-65.3627
STUART TOWN,2642,Core,3.715174129,4020000,45.019,-66.938
VAL-COMEAU,2649,Core,3.036384739,8400500,47.465,-64.8838
WHALE COVE,2658,Core,4,515000,44.7733,-66.761
WHITE HEAD,2659,Core,3.563214526,8922000,44.6286,-66.7249
WILSONS BEACH,2663,Core,2.376506024,2988000,44.9323,-66.9406
WOODWARDS COVE,2664,Core,1.251019323,5641000,44.7021,-66.7395
THE WHISTLE (WHISTLE BEACH),2701,#N/A,#N/A,,44.7983,-66.7875
AGUANISH OUEST,3502,Non-Core,3.054545455,1100000,50.226,-62.1069
AYLMER SOUND (PORT HARRINGTON),3514,Non-Core,2.75,131000,50.6045,-59.4541
BAIE DE BRADOR,3517,Core,3.953229399,3592000,51.48269,-57.2427
BAIE DES MOUTONS,3518,Core,2.991411043,2445000,50.77301,-59.0304
BLANC SABLON-GRAND QUAI DES PECHEURS,3531,Core,2.269852424,7115000,51.4225,-57.1465
BONAVENTURE (RIVIERE),3533,Core,1.515354814,10053850,48.034,-65.481
CARLETON-SECTION DES PECHEURS,3544,Core,2.398327399,5392800,48.10057,-66.1272
CHEVERY (RIVIERE CROSS)-QUAI,3553,Core,3.25,1710000,50.4808,-59.6004
CLORIDORME,3558,Core,3.491477291,21733700,49.1861,-64.8489
DESCHAILLONS,3569,Non-Core,3,7500000,46.5606,-72.1063
ETANG-DU-NORD (L'ETANG-DU-NORD),3574,Core,2.677005985,38866200,47.36995,-61.9587
GASCONS (RUISSEAU CHAPADOS),3583,Core,3.111318915,15998000,48.1899,-64.8606
GRANDE ENTREE,3589,Core,3.275334716,26515000,47.557,-61.5582
GRANDE-RIVIERE - HAVRE,3590,Core,4,41759050,48.3929,-64.4929
GROSSE-ILE (CAP DU DAUPHIN),3598,Core,3.70042201,18269700,47.6277,-61.5143
HAVRE-AUBERT - INSTALLATION DE PÊCHE CÔTIÈRE,3600,Core,3.058475298,11331602,47.2338,-61.8293
HAVRE-ST-PIERRE,3602,Core,5,615000,50.237,-63.6044
ILE BRION (BRION'S ISLAND),3608,Non-Core,0.992604644,2028300,47.7829,-61.4698
ILE D'ENTREE (L'ILE-D'ENTREE),3609,Core,3.5542348,18103275,47.278,-61.72
L'ISLE-VERTE (VILLAGE),3613,Non-Core,0,,48.0245,-69.3477
KEGASKA - CALE DE HALAGE EST,3615,Core,3.720447907,1027000,50.1846,-61.264
L'ANSE-À-BEAUFILS,3618,Core,3.810405691,20594500,48.4723,-64.3095
L'ANSE-À-BRILLANT,3619,Core,2.701495513,7522500,48.7206,-64.2915
L'ANSE-À-VALLEAU,3621,Core,3.706075748,11117150,49.08141,-64.5448
L'ANSE-AU-GRIFFON,3622,Non-Core,3.330414903,16753300,48.93631,-64.3068
LA TABATIERE-SECTION DES PECHE,3631,Core,4.378656126,6325000,50.83766,-58.9729
LANIEL (LAC KIPAWA),3650,#N/A,#N/A,,47.04245,-79.2689
LES MECHINS -QUAI DES PECHEURS,3660,Core,3.013848968,7654000,49.0051,-66.9766
LES MECHINS (PETITS),3662,Non-Core,1.750830565,842800,49.0237,-66.9258
MAL-BAY (ST-GEORGES),3676,Core,2.090879279,11892700,48.6207,-64.1988
MATANE (NOUVEAU HAVRE)-QUAI DES PÊCHEURS,3680,Core,4.216002225,10786000,48.8434,-67.5806
MIDDLE BAY,3684,Core,1.896376534,2608000,51.4612,-57.4859
MILLERAND,3686,Core,3.461141458,29804000,47.2167,-61.9833
MONT-LOUIS OUEST,3695,Core,3.204396265,21304450,49.2348,-65.7367
NEWPORT (ÎLOTS),3699,Non-Core,1.593982438,5955900,48.25157,-64.7555
NEWPORT (POINTE),3700,Core,2.839710351,28793500,48.2863,-64.7207
NOTRE-DAME-DE-L'ÎSLE-VERTE EST,3709,Non-Core,0,,48.0397,-69.4066
OKA,3719,Non-Core,0.893975904,1245000,45.46009,-74.0954
OLD-HARRY,3720,Non-Core,2.065729971,4754300,47.5709,-61.4671
PASPÉBIAC - QUAI DES PÊCHEURS ET DÉBARCADÈRE,3725,Core,0.982026856,43565000,48.016,-65.25
PERCÉ,3727,Non-Core,1.4,9206600,48.521,-64.2118
PETITE-VALLÉE,3731,Non-Core,3.547292803,3758500,49.22137,-65.0369
POINTE-AUX-LOUPS,3736,Core,3.856403937,11994340,47.5301,-61.7156
POINTE-BASSE,3737,Core,3.093172617,17969550,47.38982,-61.7899
POINTE-FORTUNE,3738,Non-Core,2.4,3150000,45.5605,-74.3779
PORT-ST-FRANÇOIS,3741,Non-Core,3.2,8300000,46.2719,-72.6186
PORT-CARTIER (RIVIÈRE DES ROCHERS),3742,Non-Core,3.389830508,1416000,50.01807,-66.8737
PORT-DANIEL-EST (À BONA),3744,Core,2.329735034,5095000,48.18359,-64.96255
PORT-DANIEL-OUEST (MARCIL'S LANDING),3745,Non-Core,0,,48.1123,-65.0246
RIMOUSKI-EST - HAVRE À VOCATIONS MULTIPLES,3755,Non-Core,3.841989751,9386100,48.481,-68.5154
RIVIERE AU TONNERRE (RIVIERE),3760,Core,5,8787000,50.27373,-64.78169
RIVIÈRE MADELEINE (CAP À L'OURS),3764,Non-Core,3.578947368,4132500,49.24056,-65.2936
RIVIERE ST-PAUL (VILLAGE),3767,Core,3.15,1300000,51.4707,-57.707
RIVIERE-AU-RENARD,3768,Core,3.284593615,109749370,48.9965,-64.3881
RUISSEAU-LEBLANC,3773,Non-Core,0.987237522,17120500,48.0778,-65.6143
SALMON BAY,3774,Core,3,850000,51.4192,-57.6148
SEPT-ILES - VIEUX QUAI,3781,Non-Core,3.343046358,7550000,50.2,-66.3833
SHIGAWAKE,3783,Core,4.77830379,1858850,48.093,-65.071
SILLERY,3784,Non-Core,3,11820000,46.784,-71.2355
ST-ANTOINE-DE-TILLY (LES FONDS,3794,Non-Core,2.240687161,5530000,46.65624,-71.6074
ST-AUGUSTIN (RIVIERE),3796,Non-Core,2.3,2385000,51.2246,-58.6498
ST-BARTHELEMY,3797,Non-Core,0.835723064,488200,46.1581,-73.0381
ST-GODEFROI,3814,Core,4,9977000,48.0739,-65.1142
ST-PAUL (ILE AUX NOIX),3830,Non-Core,0,,45.12322,-73.282
STE-ANNE-DE-SOREL,3846,Non-Core,1.184132102,4093800,46.0483,-73.1147
STE-FÉLICITÉ (ANSE À LA CROIX),3848,Non-Core,0,,48.9076,-67.2925
STE-FÉLICITÉ (VILLAGE),3849,Non-Core,0,,48.90151,-67.3448
STE-THÉRÈSE-DE-GASPÉ (PETITE RIVIÈRE EST),3856,Core,2.387047108,38320400,48.4148,-64.3943
TOURELLES (ST-JOACHIM),3862,Core,2.740406355,19527250,49.15824,-66.41807
TROIS-PISTOLES (VILLE),3864,Non-Core,3.564266251,3853500,48.1331,-69.1843
VERCHÈRES,3882,Non-Core,1.191197642,14587000,45.7789,-73.3571
CAP-AUX-MEULES (PORT POLYVALENT),3889,Core,3.850680905,28244010,47.37753,-61.8555
OLD FORT BAY-QUAI DES PÊCHEURS,3893,Core,3,2250000,51.4223,-57.8141
MINGAN,3894,Core,4.963724305,8270000,50.28965,-64.01987
HARRINGTON HARBOUR-CALE DE HALAGE,3895,Core,4,785000,50.49635,-59.4756
TÊTE-À-LA-BALEINE (FISHERMEN'S WHARF),3896,Core,2.520396601,1765000,50.69865,-59.32381
BAIE COMEAU (HAVRE POLYVALENT),3911,Core,3.33,375000,49.2291,-68.1335
BAIE-TRINITÉ,3979,Core,2.233082707,6650000,49.4205,-67.2845
GRAND-MÈRE,3981,Non-Core,3.336419753,324000,46.62165,-72.6798
FATIMA (ANSE DE L'HÔPITAL),3982,Non-Core,0,,47.42041,-61.8962
BLANC SABLON -CALE DE HALAGE,3984,Core,3.796610169,295000,51.4223,-57.1482
BLANC SABLON-PETIT QUAI DES PECHEURS,3985,Core,2.737592397,1515200,51.4224,-57.1467
CAP-CHAT - NOUVEAU HAVRE,3987,Core,4.12047069,22382440,49.0991,-66.6881
GASCONS (ANSE À LA BARBE),3992,Non-Core,2.261113606,4454000,48.18739,-64.893
LES ESCOUMINS (BASQUES),4035,Core,2.384338772,4658000,48.3461,-69.3894
RIVIÈRE ST-PAUL (ÎLE DES ESQUIMAUX),4048,Non-Core,2.4,5565000,51.4181,-57.7067
STE-ANNE-DES-MONTS - HAVRE POLYVALENT,4065,Core,2.757410337,59224700,49.13264,-66.4886
KEGASKA - QUAI DÉBARCADÈRE,4068,Core,3,2150000,50.1846,-61.2639
RIVIÈRE ST-PAUL (BAIE CHEVALIER),4077,Core,3.363834423,4590000,51.496,-57.6796
SEPT-ILES (PARC BUNGE),4078,Core,2.817959245,26549000,50.20281,-66.38607
CHEVERY (RIVIÈRE CROSS) - RAMPE DE LANCEMENT,4081,Core,3.701492537,402000,50.46008,-59.6515
MATANE (HAVRE) - FACE SUD DU QUAI ÉPERON,4082,#N/A,#N/A,,48.85262,-67.53222
BAIE DE BRADOR (ILE UDELL),4137,Non-Core,0,9300000,51.46419,-57.2599
ARNPRIOR,4506,Non-Core,3.374301676,402750,45.4404,-76.3484
BATCHAWANA,4513,Non-Core,5,980187,46.9079,-84.5972
BAYFIELD,4516,Non-Core,2.479530069,10689450,43.5692,-81.7045
BEAVERTON,4520,Non-Core,2.835387483,5792907,44.43305,-79.1683
BIG BAY (NORTH KEPPEL),4526,Non-Core,3,2677392,44.7929,-80.9477
BLACK RIVER (MOSSINGTON),4530,Non-Core,2.626592914,2144090,44.32236,-79.34547
BLIND RIVER,4531,Core,3.026450416,2029004,46.18225,-82.9575
BOWMANVILLE,4534,Non-Core,2.537848606,2199262,43.88899,-78.6637
BROCKVILLE,4540,Non-Core,3.082574505,7658233,44.58767,-75.68207
CAMPBELL BAY (MANITOULIN ISLAND),4551,Non-Core,1.571292107,149175,45.8172,-82.5772
CEDAR BEACH,4555,Non-Core,3.483652251,2704672,42.01192,-82.78043
COLCHESTER,4566,Non-Core,2.923700309,4043922,41.9833,-82.9333
CONSTANCE BAY,4572,Non-Core,4,278253,45.49954,-76.10488
CROW LAKE,4573,Non-Core,3.248625295,100567,44.7341,-76.6597
DEEP RIVER,4578,Non-Core,2.797011945,2269302,46.10753,-77.4879
DUNROBIN,4587,Non-Core,3.45,438100,45.4772,-75.9931
DYER'S BAY,4589,Non-Core,2.942375106,1374406,45.16331,-81.33619
FITZROY HARBOUR,4595,Non-Core,4,238250,45.47003,-76.21671
FORT FRANCES-FIVE MILE WHARF,4600,Non-Core,4.050821007,2947600,48.6506,-93.3519
GOULAIS MISSION,4612,Core,1.925931471,669264,46.7054,-84.5216
GRAND BEND,4614,Non-Core,3.063120912,7730366,43.31278,-81.7633
GRIMSBY,4623,Non-Core,3,941915,43.2023,-79.55142
GROS CAP,4624,Non-Core,3.116284106,1551519,46.5275,-84.5822
GULL BAY,4625,Core,3.504450947,572732,49.80037,-89.1041
HAILEYBURY,4627,Non-Core,3.265512375,1020395,47.4493,-79.6302
HAWKESTONE,4632,Non-Core,0,,44.4901,-79.462
HOWDENVALE,4639,Core,2.737860442,729001,44.82128,-81.3052
HURKETT,4642,Non-Core,1.65,344225,48.84021,-88.4885
KENSINGTON POINT,4659,Non-Core,3,203066,46.32478,-83.9441
KESWICK (JERSEY RIVER),4660,Non-Core,3.559677419,3259464,44.2247,-79.46739
KINGSTON (CONFEDERATION BASIN),4663,Non-Core,3.509265321,6955215,44.22873,-76.4794
KINGSTON-PORTSMOUTH HARBOUR,4664,Non-Core,2.994766978,11349464,44.21785,-76.5168
L'ORIGNAL,4666,Non-Core,2.959277588,1040847,45.62339,-74.6918
LA PASSE,4667,Non-Core,3,158950,45.8135,-76.7682
LAKE DESPAIR,4672,Non-Core,2.900157453,543656,48.86619,-93.6316
LEAMINGTON - MARINA,4683,Non-Core,0,,42.0264,-82.5966
LION'S HEAD,4686,Non-Core,2.11733501,4804843,44.9903,-81.2504
LONG POINT (AMHERST ISLAND),4691,Non-Core,2.946661302,246069,44.1124,-76.7
LONGSPUR LAKE (LANG LAKE),4692,Non-Core,3,533777,46.15549,-81.70476
MAMAINSE HARBOUR,4697,Core,2.898645395,1659820,46.9078,-84.5971
MATTAWA,4703,Non-Core,3,773375,46.32069,-78.71
MEAFORD,4708,Non-Core,3.221959332,14176966,44.6103,-80.5872
MICHIPICOTEN RIVER,4710,Non-Core,2.806532224,1563051,47.9338,-84.8297
NEPEAN,4730,Non-Core,3.021073814,3786690,45.3728,-75.8025
OLIPHANT,4739,Non-Core,3,847664,44.73116,-81.2795
OUELLETTE RAPIDS (FRENCH RIVER),4741,Non-Core,2.577535624,47720,46.08433,-80.4895
PARRY SOUND-BAY ST. WHARF,4747,Non-Core,2.9,3740687,45.3385,-80.0365
PEFFERLAW RIVER,4748,Non-Core,2.747504096,3851310,44.3363,-79.2207
PELEE ISLAND (SCUDDER WHARF RECREATIONAL AREA),4749,Non-Core,3.430034592,1786833,41.81259,-82.6589
PEMBROKE,4750,Non-Core,2.036330035,4341807,45.82881,-77.1159
PORT BURWELL,4766,Non-Core,2.946303135,12265055,42.64169,-80.8075
PORT DALHOUSIE,4768,Non-Core,2.310893513,28232252,43.2078,-79.261
PORT DOVER - COMMERCIAL FISHING FACILITY,4769,Core,3.078175659,13390191,42.78256,-80.19776
PORT ELGIN,4770,Non-Core,2.742555052,11886121,44.4455,-81.4037
PORT MAITLAND,4773,Non-Core,3.537657097,11613674,42.8645,-79.5737
PROVIDENCE BAY,4780,Core,3.420526287,1733504,45.6579,-82.2682
RONDEAU (ERIEAU),4797,Core,3.337567429,20628143,42.2608,-81.9085
SAND POINT,4804,Non-Core,3,717806,45.48877,-76.43456
SEELEYS BAY,4809,Non-Core,2.967669587,472620,44.47883,-76.2372
SHARBOT LAKE,4813,Non-Core,3.061525778,611321,44.7724,-76.6914
SILVER ISLET,4815,Core,2.303670511,1785310,48.33106,-88.8194
SILVER WATER,4816,Core,3.718271535,396907,45.8804,-82.7991
SOUTHAMPTON (SAUGEEN RIVER),4825,Core,3.529443255,8596164,44.50043,-81.3734
STOKES BAY,4830,Non-Core,3,949699,44.99322,-81.3861
STURGEON CREEK,4833,Non-Core,3,1792274,42.01176,-82.5719
THAMES RIVER (LIGHTHOUSE COVE),4841,Non-Core,2.904093292,1153888,42.3158,-82.4377
THORNBURY,4844,Non-Core,3.218712654,7767952,44.56513,-80.4506
TOBERMORY (LITTLE TUB HARBOUR),4849,Non-Core,3.226131607,2444710,45.2563,-81.663
TORONTO (BLUFFERS PARK),4851,Non-Core,4,2628600,43.7083,-79.2326
WADE'S LANDING,4861,Non-Core,3,412906,46.11974,-79.53027
WENDOVER,4869,Non-Core,2.465486543,184218,45.57417,-75.1281
WESTMEATH,4871,Non-Core,3,62300,45.8158,-76.895
WESTPORT,4872,Non-Core,3,677934,44.67847,-76.39394
WHEATLEY,4873,Core,3.153489836,19394638,42.06258,-82.46482
WHITBY,4874,Non-Core,3.034497685,12699403,43.8513,-78.9353
WHITBY (WHITBY YACHT CLUB),4875,Non-Core,4,771056,43.8517,-78.9355
WHITE LAKE,4876,Non-Core,3,109751,45.36188,-76.5112
WHITE CLOUD ISLAND (NORTH KEPPEL),4877,Non-Core,2.092744047,772166,44.83699,-80.98291
WHITNEY,4881,Non-Core,3,129821,45.488763,-78.24495
WIARTON (TOWN),4882,Non-Core,3.100947244,1832052,44.74482,-81.1355
WILBERFORCE (PUSEY) - LAUNCHING RAMP,4884,Non-Core,2.85106383,23500,45.0549,-78.2107
CORNWALL-MARINA,4891,Non-Core,4.05939177,4497933,45.014,-74.7192
MISSISSAUGA (LAKEFRONT PROMENADE PARK),4894,Non-Core,4,2286882,43.5655,-79.5562
HARMONY BAY - LAUNCHING RAMP,4896,Non-Core,3.619532905,325287,46.8522,-84.373
BRONTE (OAKVILLE),4908,Non-Core,3.422311494,8439381,43.3942,-79.705
OWEN SOUND-MARINA,4967,Non-Core,3.924872395,3354293,44.58437,-80.9441
THUNDER BAY (CURRENT RIVER),4977,Core,3,368993,48.45182,-89.1827
BAYFIELD - COMMERCIAL FISHING FACILITY,4978,Core,2.7,1325223,43.56934,-81.7048
NORTH BAY-MARINA,4979,Non-Core,3.317249611,2685249,46.31175,-79.4711
PENETANGUISHENE (TOWNSHIP OF TINY),4980,#N/A,#N/A,,44.8069,-79.9496
WIARTON - MARINA,4987,Non-Core,1.208251388,6004517,44.75,-81.1381
JORDAN HARBOUR,4997,Non-Core,3,2952794,43.18364,-79.36724
KINGSTON (TREASURE ISLAND),4998,#N/A,#N/A,,44.26245,-76.3767
TRENTON (BAY MARINE),5024,Non-Core,3.554098361,1336205,44.1011,-77.5689
WELLERS BAY,5026,Non-Core,3,48510,44.02508,-77.6289
PARRY SOUND-BOB'S POINT MARINA,5032,Non-Core,3.26611072,1495588,45.33864,-80.0362
KENORA-MARINA,5033,Non-Core,3,178500,49.76878,-94.49173
PORT DALHOUSIE-MARINA,5034,#N/A,#N/A,,43.2074,-79.2618
ARNES,5501,Core,3.08710422,2902500,50.8088,-96.9611
BALSAM BAY,5503,Core,3.411544358,3000600,50.48119,-96.5831
BERENS RIVER (SIGURDSSON ISLAND),5504,Core,3.12876865,1615300,52.36036,-97.0567
BERRY BAY (WEKUSKO LAKE),5505,Non-Core,2,223600,54.7917,-99.9682
BIG BLACK RIVER,5506,#N/A,#N/A,,53.1638,-97.4238
CALDERS DOCK,5507,Core,3.949994419,895900,51.5725,-96.7321
CATFISH CREEK,5508,Core,4.803278689,317200,52.074,-96.972
CORMORANT LAKE,5510,Non-Core,2.009009009,199800,54.22284,-100.6039
DAUPHIN RIVER,5513,Core,2.091620987,510800,51.9547,-98.0683
DENBEIGH POINT,5514,Core,4.350758853,830200,52.89456,-99.78234
DUCK BAY,5515,Core,3.285362854,1463400,52.17742,-100.1517
EASTERVILLE,5516,Core,2.492581527,3915900,53.10822,-99.82253
EMERSON,5517,Non-Core,2,119200,49.0022,-97.2241
GEORGE ISLAND,5518,Core,1.325972156,1666400,52.8181,-97.6194
GIMLI,5519,Core,3.46647889,16651000,50.6313,-96.9829
GOOD HARBOUR (PACHETA BAY),5520,#N/A,#N/A,,52.1306,-100.14954
GULL HARBOUR,5522,Core,4.673186988,3436436,51.19705,-96.6177
HECLA,5523,Core,2.999294619,3657600,51.13222,-96.6638
HERB LAKE POST OFFICE (WEKUSKO LAKE),5524,#N/A,#N/A,,54.7762,-99.7871
HNAUSA,5526,Core,3.966794445,4734750,50.9111,-96.982
LAC DU BONNET,5527,Non-Core,2.192336349,375800,50.2561,-96.0577
LITTLE GRINDSTONE POINT,5528,Core,3.579347422,2018150,51.2649,-96.6781
MATHESON ISLAND,5529,Core,4.281176945,2481000,51.7429,-96.9201
MATHESON ISLAND-LANDING,5530,Core,4,1609195,51.72388,-96.9153
MCBETH POINT,5532,Core,4.2562665,2878800,52.12,-97.612
MOOSE LAKE,5534,Core,3.643724061,891500,53.70446,-100.30699
MORRIS,5535,Non-Core,2,80800,49.3518,-97.349
NETLEY CREEK,5536,Core,2,78400,50.29231,-96.8676
PINE DOCK (LITTLE BULLHEAD POST OFFICE),5537,Core,4.583474964,1529800,51.63979,-96.80611
RABBIT POINT (PRINCESS HARBOUR),5538,Core,5,421200,51.86,-96.8738
RIVERTON,5540,Core,3.075055188,543600,50.9989,-96.9944
ROSSVILLE,5541,Non-Core,5,347000,54.00043,-97.7893
ST. JEAN BAPTISTE,5543,Non-Core,2,123200,49.27145,-97.3345
THICKET PORTAGE,5546,Core,3.161290323,148800,55.3231,-97.6945
TRAVERSE BAY,5547,Non-Core,0,,50.6616,-96.4765
VICTORIA BEACH,5548,Core,3.09010992,3725450,50.6959,-96.5622
WARREN LANDING,5549,Core,1,2956600,53.6975,-97.871
WHISKEY JACK PORTAGE (KISKITTOGISU LAKE),5551,Core,4.305443095,889200,54.4365,-98.0042
WINNIPEG BEACH,5553,Core,3.968380002,2846300,50.5081,-96.9654
WINNIPEGOSIS,5554,Non-Core,2.8,776000,51.6468,-99.9233
BUFFALO POINT,5556,Non-Core,2,1012000,49.036,-95.2271
PLAYGREEN POINT,5561,Core,3.262027781,1925750,53.9417,-98.1739
MOSSEY RIVER,5562,Non-Core,1,88300,51.65,-99.92031
WHITEFISH POINT,5563,Core,3,1555100,52.9746,-100.9788
GRAND RAPIDS RESERVE (NO.33),5564,Core,3,858000,53.18284,-99.25364
THE PAS - FISHERMEN'S WHARF,5565,#N/A,#N/A,,53.82761,-101.25692
AMARANTH,5567,Core,2,540400,50.69813,-98.70548
KILLARNEY,5570,Non-Core,2,71800,49.1827,-99.6843
GOODMAN'S LANDING,5575,Core,4.246590212,2118900,51.863,-97.261
POPLAR RIVER,5591,Core,3.703459729,722600,52.9999,-97.3285
AMISK LAKE,5651,#N/A,#N/A,,54.65171,-102.089
BIG RIVER,5652,Core,3,633300,53.8308,-107.039
DELARONDE LAKE,5655,Non-Core,1,184600,53.9207,-106.9622
DILLON RIVER,5656,#N/A,#N/A,,55.92269,-108.9413
ÎLE-À-LA-CROSSE,5658,Non-Core,2.923964257,615500,55.4371,-107.8942
JAN LAKE,5660,Non-Core,2,365000,54.8954,-102.8259
KINOOSAO,5661,Core,3,512200,57.0789,-102.0235
MISSINIPE,5662,Non-Core,3,548600,55.5994,-104.7696
PELICAN NARROWS,5663,Core,3.075279107,627000,55.1657,-102.9397
PINEHOUSE LAKE,5664,#N/A,#N/A,,55.5183,-106.5704
WOLLASTON LAKE (HIDDEN BAY),5666,Non-Core,3.11942959,336600,58.10743,-103.7695
DORE LAKE - FISH PLANT,5667,Core,2,300200,54.6385,-107.4034
BUFFALO NARROWS - FISH PLANT,5668,Core,2,648000,55.8548,-108.4803
DESCHAMBAULT,5672,Core,4.99402787,301400,54.9213,-103.3676
PELICAN NARROWS - FISH PLANT,5673,Core,3.49303054,255400,55.17517,-102.9408
CANYON CREEK,5802,Core,2.768009005,3198400,55.37201,-115.0786
COLD LAKE,5803,#N/A,#N/A,,54.4657,-110.1707
FAUST,5804,Core,2.584135429,4135000,55.3226,-115.642
JOUSSARD,5805,Core,3.126065411,3027000,55.4027,-115.9683
LAC LA NONNE,5807,Non-Core,1,158000,53.91099,-114.2817
SEBA BEACH,5810,#N/A,#N/A,,53.5556,-114.7338
WEST COVE,5813,Non-Core,2,72800,53.70267,-114.4938
PEACE RIVER,5818,Non-Core,2,275200,56.25102,-117.30295
KINUSO (SPRUCE POINT PARK),5819,Non-Core,2,2680000,55.3806,-115.4916
HARDISTY,5821,Non-Core,2,33600,52.6688,-111.3208
INNISFREE,5823,Non-Core,2,93000,53.36223,-111.5237
HAY RIVER,5976,Core,1.885608856,650400,60.8525,-115.7945
SIMPSON ISLANDS,5977,Core,2,1130800,61.8153,-112.4773
MORAINE BAY,5978,Core,2.2,880000,61.6018,-115.6932
PANGNIRTUNG,5986,Core,4.561925132,32189475,66.149267,-65.70295
AHOUSAT,6002,Non-Core,3.089440105,134168,49.282467,-126.071444
ALBION,6003,Core,3.414590356,1016675,49.181362,-122.557199
ALERT BAY,6004,Core,3.183643394,11009616,50.588375,-126.93066
BAMFIELD WEST,6009,Core,2.997201703,1228836.5,48.828998,-125.140411
BELLA BELLA (MARTINS COVE),6013,Non-Core,3.377142892,5161331,52.171359,-128.142375
BELLA COOLA,6014,Core,2.40384558,12645944.8,52.375134,-126.793352
BULL HARBOUR (HOPE ISLAND),6018,Core,4,132000,50.912355,-127.930341
BURGOYNE BAY,6019,Core,3.061055319,362753,48.792816,-123.521491
CAMPBELL RIVER,6021,Core,2.650450138,21667340.4,50.022031,-125.237686
CAPE MUDGE,6024,Non-Core,2.649319902,1460560.5,50.023342,-125.197536
COMOX,6028,Core,3.845553431,28339218.4,49.669511,-124.927025
CORTES BAY,6029,Non-Core,2.90897056,361070,50.062314,-124.933211
COURTENAY-SLOUGH,6030,Core,2.765945585,1869497.94,49.693216,-124.992712
COWICHAN BAY,6031,Core,2.70206472,8070004,48.741123,-123.61767
CROFTON,6035,Core,0.343310981,4774138,48.865384,-123.639027
DEEP BAY,6037,Core,3.099618613,5540305,49.46473611,-124.727971
DEGNEN BAY,6038,Core,2.499422225,1296005.2,49.136847,-123.713028
MASSET (DELKATLA SLOUGH),6039,Core,2.31049186,4885928.25,54.009016,-132.140376
EGMONT,6042,Core,3.108428178,1727937.74,49.749905,-123.929204
FANNY BAY,6043,Core,3.856124165,5662780,49.507292,-124.827761
FINN BAY,6044,Core,3,53900,49.985108,-124.769189
FORD COVE,6045,Core,3.014181031,6847170.9,49.49721,-124.67646
FRENCH CREEK,6050,Core,3.731233802,33891210.79,49.349314,-124.355638
FULFORD HARBOUR,6051,Core,2.760440121,1927150.75,48.76884,-123.45007
GANGES (INNER HARBOUR),6052,Core,3.261493858,10040702,48.854052,-123.498477
GIBSONS,6053,Core,3.44716041,18192675.3,49.400648,-123.504495
GORGE HARBOUR,6055,Core,3.810754614,621989.8,50.099538,-125.020607
HERIOT BAY,6059,Core,4.080790906,3293186,50.102536,-125.212884
HORTON BAY,6061,Non-Core,2.839137016,505699,48.824487,-123.244723
HOSPITAL BAY,6062,Core,2.054435942,997603.02,49.632031,-124.031694
HUNTS INLET (PORCHER ISLAND),6064,Non-Core,2.386618214,474761,54.068028,-130.444081
KANAKA(HANEY)-LANDING,6070,Core,2.728451295,1536742,49.18963611,-122.5776694
KELSEY BAY,6073,Core,3.154615803,4609509.75,50.39642,-125.960567
KITAMAAT VILLAGE,6076,Core,3.417457697,2045000.5,53.966377,-128.651724
KITKATLA,6077,Non-Core,2.506118524,2677606.4,53.795175,-130.4388889
KLEMTU,6081,Non-Core,1.643451471,736822,52.590516,-128.523635
LADYSMITH,6086,Core,2.828935956,7220403.2,48.999008,-123.815057
LUND,6089,Core,3.06548364,7844005,49.982,-124.763
MADEIRA PARK,6091,Core,2.057210755,2703202.24,49.622739,-124.025432
MANSONS LANDING,6093,Core,2.733018958,1586587,50.07141,-124.98365
MARKTOSIS (AHOUSAT VILLAGE),6095,Non-Core,3.513199411,1967587.8,49.278835,-126.058799
MCIVOR'S LANDING (LANGLEY),6098,Core,3.043773925,999996,49.163099,-122.52501
MCMILLAN ISLAND,6099,Core,2.377164017,1917568.4,49.179911,-122.567318
MINSTREL ISLAND - WHARF AND FLOATS,6101,Non-Core,1.628487207,2303606,50.61355556,-126.3053611
MISSION,6102,Core,2.054726605,2663984,49.12890278,-122.3001111
MITCHELL BAY,6103,Core,2.891832885,572791,50.630395,-126.851138
MUSGRAVE (SALTSPRING IS.),6106,Core,3.841940634,586231,48.749138,-123.549533
NORTH GALIANO,6113,Core,3.85845065,579630,48.994641,-123.584381
NORTHWEST BAY,6115,Non-Core,3,2833250,49.302258,-124.202314
OCEAN FALLS,6116,Core,1.502310197,1538830,52.353141,-127.697225
OKEOVER INLET,6120,Core,2.708416452,2738953.32,49.991138,-124.711577
OONA RIVER,6121,Core,4.597309168,8611722,53.942372,-130.248231
OPITSAT,6123,Non-Core,2.486585254,532798,49.172291,-125.905842
PORPOISE BAY,6130,Core,3.121413815,3325449,49.483168,-123.758292
PORT ALBERNI-FISHING HARBOUR,6131,Core,3.300070397,14669017.84,49.236809,-124.812814
PORT CLEMENTS,6132,Core,3.776581597,5669853,53.689712,-132.183402
PORT HARDY,6134,Core,2.517255566,17564421,50.713674,-127.491535
PORT MCNEILL,6135,Core,1.064874553,6150729.69,50.59177778,-127.0870556
PORT SIMPSON,6137,Non-Core,3.103936779,2959755,54.56100833,-130.4312139
POWELL RIVER SOUTH,6138,Core,3.468007322,11561100,49.83481944,-124.5294833
PRINCE RUPERT (COW BAY),6139,Core,3.427937449,1016988,54.3177,-130.3233
PRINCE RUPERT (DODGE COVE),6140,Core,2.395824149,1936803,54.2885,-130.3845917
PRINCE RUPERT (FAIRVIEW BAY),6141,Core,3.613228219,17981415,54.29222222,-130.3538889
PORT EDWARD,6143,Core,2.465692755,23762855.8,54.22788611,-130.2962972
PRINCE RUPERT (RUSHBROOK),6144,Core,2.880501119,12579778,54.325062,-130.305185
QUATHIASKI COVE,6146,Core,2.728270066,3631417,50.04254167,-125.2166
QUEEN CHARLOTTE CITY,6147,Core,2.961551353,11939584.31,53.253009,-132.073002
SALTERY BAY,6155,Core,3.279031976,1202423.82,49.78211944,-124.1764806
SCHOONER COVE-BREAKWATER,6158,Non-Core,3,6600000,49.287588,-124.13318
SEA OTTER COVE-MOORING BUOYS,6159,#N/A,#N/A,,50.67805556,-128.35
SECRET COVE,6161,Core,3.12428525,332634,49.533968,-123.965002
SHOAL BAY (EAST THURLOW ISLAND),6165,Non-Core,3.316108742,2583355,50.458105,-125.366407
TSEHUM HARBOUR (SHOAL HARBOUR),6166,Core,3.104337323,8297341.1,48.667398,-123.40806
SIDNEY (BEACON AVENUE),6167,Non-Core,4,2220394.74,48.649235,-123.393006
SKIDEGATE,6168,Non-Core,3.557201373,1273882,53.24638889,-132.0094444
SOINTULA,6172,Core,3.427995676,16353043,50.640835,-127.030367
SOOKE,6173,Core,3.243279036,2249231,48.369914,-123.725755
SQUAMISH,6175,Core,3.39368767,2982208.78,49.69461,-123.154476
SQUIRREL COVE,6176,Core,3.338123408,1898676,50.118697,-124.911467
SQUITTY BAY,6177,Non-Core,3.734750588,293831,49.452722,-124.165791
STEVESTON (GULF OF GEORGIA),6178,Core,2.832329129,52587381,49.12456,-123.1917
STEWART,6179,Core,2.408418082,1663665.75,55.920462,-130.008398
TOFINO (ARMITAGE POINT),6184,Core,2.933835456,1568877.65,49.150864,-125.892149
OAK BAY (TURKEY HEAD) - BREAKWATER,6187,Non-Core,3.721712538,8175000,48.425776,-123.299475
UCLUELET EAST,6188,Core,3.149226992,397685.36,48.945915,-125.540174
UCLUELET WEST,6189,Core,3.432587016,6125030,48.945403,-125.553858
VANCOUVER (FALSE CREEK),6191,Core,3.008891821,6351905,49.272829,-123.138939
VESUVIUS BAY,6192,Core,3.653928003,377876.5,48.88170833,-123.5733694
WHALER BAY,6195,Core,3.462220132,1486326,48.883383,-123.325831
WHISKEY SLOUGH (PENDER HARBOUR),6196,Core,2.665839287,1116829.85,49.616204,-124.043736
WHONNOCK,6198,Core,3.74418653,1225645,49.172322,-122.475386
WIAH POINT,6199,Non-Core,2.8,608850,54.111912,-132.30953
WINTER HARBOUR - WHARF AND FLOATS,6201,Core,3.568366274,3490264.8,50.512911,-128.029181
ZEBALLOS,6203,Core,3.034705326,971155.32,49.97922,-126.843678
LADNER (DELTA),6206,Core,2.888199716,5119998.6,49.0924,-123.0917
GILFORD ISLAND,6207,Non-Core,2.051794786,601938,50.695734,-126.601577
UCLUELET (OTTER STREET),6239,Non-Core,3.244400318,871127.28,48.941062,-125.541178
TOFINO (4TH STREET) - FLOATS,6240,Core,2.475752693,5303683.44,49.15333333,-125.9002778
TOFINO (WINGEN LANE),6241,Core,3.80320802,1384812.77,49.15444,-125.905593
STEVESTON (PARAMOUNT),6279,Core,2.948607923,101205140,49.11883,-123.16137
DOUGLAS INLET-MOORING BUOYS,6286,#N/A,#N/A,,52.9325,-132.175
GANGES (OUTER HARBOUR),6288,Core,2.981150024,4174817,48.852176,-123.497744
HENSLUNG COVE-MOORING BUOYS,6291,#N/A,#N/A,,54.19055556,-132.9994444
HARTLEY BAY,6299,Non-Core,3.701544504,8917941,53.424737,-129.251275
OONA RIVER - MOORING BUOYS,6300,#N/A,#N/A,,53.941118,-130.237475
ITATSOO (UCLUELET),6313,Non-Core,3.598767143,626350,48.936509,-125.528657
CAMPBELL RIVER (DISCOVERY HARBOUR),6341,Core,4.856588272,44537783.6,50.035753,-125.243477
LYALL HARBOUR (SATURNA ISLAND),6345,Non-Core,3.825814841,1075979.3,48.798322,-123.201286
